{"cameraMode":{"drawMode":0,"name":"Shaded","section":"Shading Mode"},"sceneLighting":true,"audioPlay":false,"sceneViewState":{"showFog":true,"showMaterialUpdate":false,"showSkybox":false,"showFlares":true,"showImageEffects":true,"showParticleSystems":true},"in2DMode":false,"pivot":{"x":-2.000822067260742,"y":-0.26227235794067385,"z":7.170928955078125},"rotation":{"x":0.16935434937477113,"y":-0.05023929104208946,"z":0.008644496090710163,"w":0.9842369556427002},"size":21.402179718017579,"orthographic":false}